Supplier,21st Jun 2021,28th Jun 2021,5th Jul 2021,12th Jul 2021,19th Jul 2021,26th Jul 2021,2nd Aug 2021,9th Aug 2021,16th Aug 2021,23rd Aug 2021,30th Aug 2021,6th Sep 2021,13th Sep 2021,20th Sep 2021,27th Sep 2021,4th Oct 2021,11th Oct 2021,18th Oct 2021,25th Oct 2021,1st Nov 2021,8th Nov 2021,15th Nov 2021,22nd Nov 2021,29th Nov 2021,6th Dec 2021,13th Dec 2021,20th Dec 2021,27th Dec 2021,3rd Jan 2022,10th Jan 2022,17th Jan 2022,24th Jan 2022,31st Jan 2022,7th Feb 2022,14th Feb 2022,21st Feb 2022,28th Feb 2022,7th Mar 2022,14th Mar 2022,21st Mar 2022,28th Mar 2022,4th Apr 2022,11th Apr 2022,18th Apr 2022,25th Apr 2022,2nd May 2022,9th May 2022,16th May 2022,23rd May 2022,30th May 2022,6th Jun 2022,13th Jun 2022,20th Jun 2022,27th Jun 2022,4th Jul 2022,11th Jul 2022,18th Jul 2022,25th Jul 2022,1st Aug 2022,8th Aug 2022,15th Aug 2022,22nd Aug 2022,29th Aug 2022,5th Sep 2022,12th Sep 2022,19th Sep 2022,26th Sep 2022,3rd Oct 2022,10th Oct 2022,17th Oct 2022,24th Oct 2022,31st Oct 2022,7th Nov 2022,14th Nov 2022,21st Nov 2022,28th Nov 2022,5th Dec 2022,12th Dec 2022,19th Dec 2022,26th Dec 2022,2nd Jan 2023,9th Jan 2023,16th Jan 2023,23rd Jan 2023,30th Jan 2023,6th Feb 2023,13th Feb 2023,20th Feb 2023,27th Feb 2023,6th Mar 2023,13th Mar 2023,20th Mar 2023,27th Mar 2023,3rd Apr 2023,10th Apr 2023,17th Apr 2023,24th Apr 2023,1st May 2023,8th May 2023,15th May 2023,22nd May 2023,29th May 2023,5th Jun 2023,12th Jun 2023,19th Jun 2023,Sale Count,Revenue,Cost of Goods Sold,Gross Profit,Margin (%),Tax
The Period Co.,23,35,29,35,31,18,18,23,30,24,31,23,26,33,37,34,28,32,37,32,41,28,32,40,42,43,30,27,36,31,25,30,24,22,29,27,22,28,24,23,31,27,30,36,32,17,29,24,17,29,18,27,29,28,19,17,25,28,18,31,23,23,20,23,26,19,24,27,25,24,24,26,33,30,15,23,24,25,28,25,22,17,18,31,25,23,22,24,28,28,30,26,29,19,27,32,35,23,23,15,27,25,27,31,7,2796,130460.25763,0,130460.25762,1,0
You Living,16,12,14,28,25,17,15,19,9,17,20,18,14,14,13,12,17,8,15,20,19,13,25,26,46,42,57,41,25,20,25,28,15,17,26,16,18,22,25,14,19,21,24,33,27,30,30,32,25,30,14,22,14,16,16,21,26,22,17,30,26,21,23,27,24,20,22,28,19,26,23,19,42,37,29,45,46,49,66,31,22,28,14,30,17,8,22,11,17,14,19,17,21,23,25,32,21,32,27,19,28,36,33,21,9,2481,101733.33553,0.59296,101732.74256,0.99999,0
Home & Gifts Enterprise(Petale Tea),8,7,7,9,6,4,4,10,12,7,13,8,4,5,4,7,6,8,10,7,18,15,11,28,91,106,129,11,15,8,6,20,9,15,12,12,9,18,22,15,9,17,18,132,6,16,17,10,12,4,13,9,11,7,8,19,32,28,11,12,18,18,18,17,17,25,13,10,18,13,11,14,15,18,19,41,53,101,133,22,19,16,14,21,12,14,10,11,15,21,18,4,16,9,16,12,20,17,29,13,19,13,16,12,6,2074,100423.49509,0,100423.49509,1,0
Herbs in Sync Pte. Ltd (Iryasa),5,6,9,6,7,5,5,8,8,6,6,5,7,11,4,0,1,6,7,10,7,4,5,18,11,8,13,6,2,5,4,8,13,15,12,5,7,4,24,7,17,10,12,169,9,3,11,6,11,3,2,8,4,6,15,8,15,9,16,33,14,17,26,14,16,14,13,18,15,18,18,17,17,10,21,17,32,40,60,32,22,20,10,32,28,36,28,20,22,30,14,22,11,19,19,18,14,21,15,18,20,20,25,25,7,1612,80950.20006,0,80950.20006,1,0
Oasis Botanicals LLP,9,14,19,9,19,11,8,12,21,11,21,11,14,10,13,10,14,11,10,8,22,12,16,18,18,33,28,21,18,22,12,24,14,11,12,12,9,18,20,16,9,15,27,19,20,15,14,17,14,17,18,31,34,23,26,20,22,21,33,42,27,32,30,30,37,28,40,37,38,30,49,44,55,34,34,55,60,58,52,51,44,36,24,41,45,34,37,40,35,55,43,28,34,32,31,49,49,50,70,49,62,66,59,53,20,2955,76145.80626,0,76145.80626,1,0
Bamboo Straw Girl,34,49,55,34,29,31,49,54,60,47,36,22,26,49,49,43,44,37,36,43,44,35,45,68,55,39,89,62,49,51,34,58,51,40,50,29,30,38,40,49,38,28,44,27,34,34,44,44,34,32,20,36,48,32,34,45,38,38,40,47,31,49,28,45,31,34,30,37,25,21,27,26,44,46,40,62,56,85,88,63,52,36,36,32,45,37,40,39,43,51,39,42,37,46,31,38,37,46,19,21,38,41,47,51,14,4346,72237.4345,0,72237.4345,1,0
Innerfyre Co,0,0,0,0,0,0,0,0,0,0,0,0,0,0,0,0,0,1,5,4,12,9,18,19,26,22,29,7,8,7,7,12,8,10,12,6,11,14,10,5,5,6,8,98,15,16,13,13,10,9,14,7,13,12,12,10,15,6,10,15,13,15,14,12,15,10,9,18,16,4,13,10,18,24,24,42,66,107,100,44,15,17,12,20,12,27,23,21,18,26,19,23,20,21,18,22,23,36,23,19,18,26,15,17,10,1644,62872.84176,0,62872.84176,1,0
Ma Te Sai,11,10,11,12,6,10,5,8,10,9,14,6,11,8,7,15,11,11,8,17,20,20,16,37,25,45,37,22,15,14,8,12,24,11,14,15,11,17,9,12,16,16,10,6,10,12,20,13,24,13,16,20,7,15,15,14,14,11,11,11,11,10,12,10,12,10,10,13,14,13,15,10,14,19,17,20,31,28,33,16,9,19,12,16,10,10,7,11,17,18,23,7,12,14,15,19,19,27,27,14,15,15,26,25,4,1567,49134.62832,0,49134.62831,1,0
Indosole,3,5,2,6,5,1,5,8,3,5,6,1,9,5,4,4,9,5,4,3,17,4,6,8,7,9,12,11,11,6,9,8,11,7,6,5,9,9,10,7,3,6,7,6,7,14,8,14,9,9,9,6,8,5,7,3,3,8,4,8,4,7,6,5,6,5,6,5,8,4,10,3,18,10,6,6,7,8,12,11,6,13,9,10,11,15,9,5,13,9,9,6,6,4,4,7,8,3,6,8,7,9,8,10,7,758,44443.8931,0,44443.8931,1,0
Touch The Toes,3,3,4,4,1,3,4,6,3,5,6,2,2,5,5,3,4,6,2,1,7,2,3,4,2,4,5,3,6,4,2,3,4,5,2,1,3,4,2,1,0,1,1,4,1,1,2,3,2,2,2,2,1,4,5,6,4,1,7,4,5,1,5,2,6,1,7,2,2,1,4,2,2,4,6,4,6,8,11,2,3,5,7,4,4,5,3,1,4,11,5,4,8,5,2,5,1,2,6,5,6,7,6,7,3,392,42778.73552,0,42778.73552,1,0
Zhai Pte Ltd,12,18,13,11,9,10,2,13,13,12,8,13,9,8,8,8,27,30,19,22,24,16,18,34,18,41,44,17,30,20,11,11,9,16,18,9,14,10,14,21,22,9,14,11,13,20,25,21,27,22,13,12,15,11,9,11,16,19,16,18,10,11,11,15,16,10,12,25,9,12,9,10,22,20,21,26,44,29,35,16,19,15,7,11,6,9,14,17,16,23,5,9,11,12,11,10,11,17,14,10,9,13,3,12,4,1635,30513.10034,108.69,30404.41034,0.99644,0
Wellness Within,11,19,11,7,12,11,8,15,20,17,18,12,9,15,16,11,7,14,9,8,9,9,15,20,16,24,25,13,17,12,18,16,17,11,18,13,9,11,21,16,9,18,15,16,11,20,14,13,9,17,15,14,16,12,15,9,12,8,7,12,7,4,6,8,7,5,11,14,9,9,6,9,8,10,5,10,7,5,10,7,6,4,3,3,0,3,1,1,1,0,0,0,1,1,0,0,1,1,2,1,2,1,5,5,2,1023,27460.62424,0,27460.62424,1,0
aNERDstore,6,2,3,3,4,6,2,4,2,7,5,6,2,2,2,3,1,3,2,4,5,7,6,6,4,0,10,7,6,5,11,10,3,7,1,3,2,2,3,3,6,6,6,9,6,5,8,5,5,9,6,11,2,2,6,4,8,3,4,1,4,6,6,4,6,3,3,5,4,5,2,2,9,6,4,3,3,3,10,7,9,2,3,6,2,1,6,4,5,3,4,1,1,1,7,3,2,2,9,3,3,1,5,4,2,466,25803.12522,0,25803.12522,1,0
TGCSG,11,20,9,7,13,8,14,8,6,11,13,10,9,9,5,7,12,6,7,10,12,11,18,10,4,11,19,22,19,22,12,30,18,18,25,19,17,17,21,22,14,11,16,27,17,26,28,17,28,17,12,20,26,16,9,9,23,17,24,20,14,17,16,12,15,21,11,18,13,10,17,14,18,15,25,25,23,33,40,32,30,24,16,19,32,11,34,28,26,21,24,18,21,22,20,19,7,11,12,8,5,10,10,12,4,1752,24711.4869,179.5,24531.98691,0.99274,0
Sol+,6,10,8,5,6,5,6,3,4,5,9,7,3,5,4,1,9,9,8,10,9,7,14,19,23,25,21,11,7,4,5,5,15,13,13,7,7,9,6,15,8,11,9,8,5,13,5,10,12,8,4,2,7,7,4,4,4,6,8,10,7,7,6,4,7,1,6,6,4,2,5,7,6,6,5,10,8,11,7,4,1,4,2,5,4,11,7,6,6,5,9,9,7,11,6,8,7,6,8,7,4,3,3,14,3,778,24328.29053,0,24328.29053,1,0
RG Velvet(Natural World Eco),1,7,5,4,3,4,4,3,2,2,3,8,2,3,3,7,4,5,3,4,2,2,5,4,4,10,8,6,4,1,5,5,3,3,6,4,6,4,2,5,6,7,4,3,1,7,8,6,1,3,1,8,3,5,5,2,1,2,5,5,2,5,0,3,0,3,1,0,0,2,5,3,2,4,1,3,2,3,0,1,1,4,2,2,2,1,5,2,2,3,1,1,5,2,2,1,1,1,1,1,1,3,1,1,1,336,24145.07889,65,24080.07889,0.99731,0
August Society,5,2,2,3,3,0,1,3,7,1,0,3,4,1,3,0,0,6,2,3,0,3,3,6,2,3,3,2,4,7,2,1,0,3,1,2,5,2,4,5,2,5,2,3,7,11,3,11,1,4,3,3,0,1,1,0,2,2,2,2,1,2,0,4,2,1,2,4,3,2,2,2,0,3,3,1,2,6,7,3,1,1,1,2,0,2,5,2,4,2,3,7,2,5,1,1,2,2,3,0,1,1,0,1,0,271,23756.47616,115,23641.47616,0.99516,0
Purple & Pure,0,0,0,0,0,0,0,0,0,0,0,0,0,0,0,0,0,0,0,0,0,0,0,0,0,0,0,0,0,0,0,0,0,0,0,0,0,0,0,0,0,0,0,0,0,5,3,4,5,7,1,4,3,4,4,3,19,15,15,21,17,19,11,15,9,24,17,23,21,16,11,19,20,27,33,43,46,52,54,22,16,14,22,26,24,24,26,20,20,19,26,11,17,36,16,26,24,37,33,20,24,21,29,19,11,1173,23734.6214,0,23734.62139,1,0
Unplastik,0,0,0,0,0,0,0,0,0,0,0,0,0,0,0,0,0,0,0,0,1,2,2,1,8,6,9,1,2,2,0,1,2,3,3,1,4,0,7,6,4,13,4,2,20,11,5,14,20,8,1,6,6,4,9,6,11,7,7,11,9,7,12,13,8,9,16,12,12,6,5,10,9,5,12,16,25,20,25,15,8,3,5,11,8,6,7,9,8,7,14,6,5,9,11,4,5,8,9,6,6,11,6,9,7,664,19998.52612,0,19998.52612,1,0
Ceramics by Jas,0,0,0,0,0,0,0,0,0,0,0,0,0,0,0,0,0,0,4,3,3,0,1,16,12,10,16,1,2,2,4,2,8,5,3,8,7,6,5,2,4,6,6,5,4,2,5,2,6,4,3,5,1,1,0,3,7,6,8,5,4,3,2,5,3,4,8,11,4,12,7,3,4,3,3,13,9,14,12,8,4,8,6,6,4,8,0,0,0,0,0,0,0,0,0,0,0,0,0,0,0,0,0,0,0,371,18263.52783,0,18263.52783,1,0
Bunny Trading House,11,13,11,11,11,7,5,8,12,10,7,8,1,8,5,6,7,8,4,7,10,8,7,9,16,29,37,23,7,15,13,9,8,10,6,17,12,10,16,7,8,16,8,6,6,18,9,8,5,7,9,8,8,5,5,7,4,6,4,9,5,6,10,4,3,7,4,4,3,11,5,5,10,5,4,5,9,13,9,8,7,9,7,7,5,2,10,5,5,7,9,4,3,3,2,6,4,5,8,5,7,4,8,7,2,856,17914.62895,0,17914.62896,1,0
Arthur Zaaro,3,5,2,4,2,1,3,1,1,1,2,5,3,4,3,1,3,3,3,2,6,5,2,6,5,3,4,3,1,3,2,2,3,3,0,4,4,0,2,2,1,1,2,1,2,1,2,0,3,2,2,4,5,3,2,2,3,1,1,3,0,3,0,3,0,0,4,0,1,1,1,4,2,4,3,3,1,8,12,2,3,2,1,1,2,3,3,4,2,2,6,0,3,2,3,3,2,4,5,2,5,3,5,6,3,280,17840.45,0,17840.45,1,0
Taikensonzai(Muta),6,3,4,4,5,6,4,7,4,5,6,7,5,3,1,4,3,1,3,8,3,4,9,8,9,7,20,3,5,6,4,3,7,0,9,4,3,2,2,3,3,8,0,6,2,6,7,4,7,6,3,5,7,7,2,5,6,5,5,3,3,4,6,5,4,1,2,2,1,1,2,3,6,3,4,2,2,11,8,3,4,2,0,2,2,4,0,0,4,2,2,3,1,4,2,2,5,6,2,2,3,3,2,4,1,432,17751.29,0,17751.29,1,0
Havalina,0,0,3,1,1,3,4,3,3,1,1,5,1,4,1,3,2,3,3,2,6,4,5,9,6,6,6,0,3,3,3,2,2,3,4,2,4,3,3,5,2,3,1,1,1,3,6,5,6,2,4,1,0,1,2,2,2,1,1,1,0,4,5,2,4,3,3,3,2,8,2,4,8,4,1,5,4,7,11,3,3,3,2,0,0,0,0,0,0,0,0,0,0,0,0,0,1,3,4,3,5,4,0,2,1,282,17067.71034,0,17067.71034,1,0
Talking Toes,0,0,0,0,0,0,0,0,0,0,0,0,0,0,0,0,0,0,0,0,0,0,0,0,0,0,0,0,0,0,0,0,0,0,0,0,0,0,0,0,0,0,0,0,0,0,0,0,0,0,0,0,0,0,0,0,0,0,0,0,0,0,0,0,0,0,0,11,19,7,8,16,20,13,19,20,36,27,51,26,12,7,13,15,14,15,13,16,16,17,8,12,5,14,11,14,23,18,18,17,13,14,18,20,6,622,15937.10148,0,15937.10131,1,0
NATURALSPOT PTE. LTD.,0,0,0,0,0,0,0,0,0,0,0,0,0,0,0,0,0,0,0,0,0,0,0,0,0,0,0,0,0,0,0,0,0,0,0,0,0,0,0,0,0,0,0,0,0,0,0,0,0,0,0,0,0,0,0,0,0,0,0,0,0,0,0,0,0,0,0,0,0,0,0,0,6,4,8,14,23,24,21,8,14,11,11,13,10,20,33,19,22,27,26,18,28,22,21,33,34,23,49,27,30,30,20,24,21,694,15471.33323,0,15471.33323,1,0
Tru Earth,2,6,9,6,7,12,5,12,6,7,4,7,2,6,5,7,8,7,6,7,7,7,9,14,4,1,9,5,6,6,0,2,5,6,6,3,3,9,6,5,4,1,4,3,6,4,5,9,1,3,4,3,6,6,1,2,1,3,2,3,1,2,6,2,3,5,2,6,3,2,6,8,2,2,2,7,4,7,3,0,4,3,3,1,1,4,6,2,2,4,3,4,2,4,1,3,2,1,3,4,3,7,3,3,0,461,15109.78244,10376.33409,4733.44835,0.31327,0
ERGO - Front & Center Pte Ltd,2,5,5,2,2,1,1,3,1,4,9,3,0,3,1,4,2,3,1,0,6,3,2,6,4,14,9,4,3,0,0,2,1,4,1,3,1,0,5,5,2,3,2,0,2,1,1,3,3,0,1,2,4,0,1,2,2,2,5,3,5,5,5,3,0,1,1,4,4,0,1,3,2,1,2,7,7,10,13,6,5,6,2,5,3,9,7,2,5,5,10,8,7,8,6,13,6,7,13,6,7,4,7,9,1,405,13975.85471,0,13975.85471,1,0
Freedom Cups,4,9,2,5,4,4,10,3,1,3,6,3,3,5,3,1,3,3,3,3,6,3,4,2,1,7,5,6,5,6,2,1,2,6,5,3,3,4,2,2,5,2,3,1,2,5,6,4,3,1,1,4,5,7,1,0,2,6,7,8,6,0,5,1,2,7,5,9,4,3,3,1,3,3,1,2,5,2,2,6,1,3,1,4,0,5,4,1,4,5,5,4,6,5,3,2,4,5,2,2,2,3,7,7,3,384,13769.80785,0,13769.80785,1,0
Annette,5,0,5,2,0,3,4,6,3,3,4,4,3,2,1,4,5,4,2,3,3,4,2,6,10,7,11,8,4,4,1,3,6,2,4,5,1,2,5,1,3,2,3,2,4,4,2,1,3,2,1,3,2,4,0,0,0,3,6,1,2,2,4,4,2,2,5,3,4,2,2,1,5,2,1,7,5,10,13,4,7,3,1,5,1,5,1,3,3,3,1,1,2,6,1,2,4,4,2,3,3,6,4,2,0,351,13734.72093,0,13734.72093,1,0
Arken Enterprises(Desi),1,2,0,2,0,0,0,0,0,0,0,0,0,2,1,0,1,2,1,2,0,3,0,3,1,3,4,1,1,0,1,3,0,0,1,1,2,0,0,0,1,1,0,0,0,2,0,1,1,2,0,0,2,0,1,0,0,0,0,4,1,3,1,0,0,1,0,2,2,1,0,2,3,0,1,1,1,0,2,4,2,2,0,2,0,0,1,0,1,0,0,1,2,1,2,1,2,2,3,3,1,2,2,3,2,113,13212.53333,0,13212.53333,1,0
Purnama Outreach,2,2,2,2,3,1,0,3,1,1,3,0,0,1,2,1,1,0,2,4,0,1,3,2,3,4,3,0,4,0,4,3,4,2,3,3,0,3,0,1,7,9,5,2,8,4,4,1,2,2,3,4,2,3,2,4,2,5,2,7,3,4,2,7,2,2,3,2,0,2,7,2,7,5,2,8,10,4,9,5,2,4,2,6,2,0,1,6,4,5,1,1,2,2,5,4,1,1,5,0,3,5,0,0,0,300,12487.99001,0,12487.99001,1,0
PaperClips,4,0,8,6,5,2,5,6,6,0,3,7,5,4,4,4,5,4,3,3,0,5,14,7,23,27,26,0,0,0,4,2,3,3,2,5,6,7,3,4,1,2,5,1,6,8,0,6,4,5,3,3,3,6,2,0,0,2,0,1,0,4,9,5,3,2,6,5,6,1,2,0,4,1,0,3,19,16,31,13,1,3,2,1,1,4,2,2,2,1,3,1,0,2,1,1,1,6,4,4,0,3,0,3,0,461,10003.95194,5044.57,4959.38194,0.49574,0
My Naked Bar,0,0,0,0,0,0,0,0,0,0,0,0,0,0,0,0,0,0,0,0,0,0,0,0,0,0,0,0,0,0,0,0,0,0,0,0,0,0,0,0,0,0,0,0,0,0,0,0,0,0,0,0,0,0,0,0,0,0,0,0,0,0,0,0,0,0,0,0,0,7,7,11,15,5,8,15,16,23,14,11,7,1,9,10,6,10,14,7,17,16,9,11,11,15,11,14,12,16,16,12,15,19,24,19,4,437,9785.01568,0,9785.01568,1,0
Greek-Kouzina,3,7,4,6,5,5,2,3,6,4,4,4,2,2,4,0,7,3,4,6,9,3,5,7,9,8,9,7,5,4,2,2,3,3,7,4,0,2,3,4,4,3,4,3,5,9,5,3,3,3,2,2,1,1,4,1,3,3,3,4,0,3,3,1,1,2,1,3,0,1,2,3,5,2,1,2,1,4,3,2,2,0,0,0,1,0,0,0,0,1,0,1,0,0,2,2,0,0,0,0,0,0,0,0,0,292,9432.47623,0,9432.47623,1,0
Bunny Planet,1,0,0,3,1,1,1,1,3,1,1,0,1,1,1,4,3,2,1,7,3,4,4,4,7,6,18,3,3,1,2,1,4,2,3,0,1,1,2,4,6,1,4,0,3,2,3,1,3,3,1,1,2,2,5,5,3,3,1,0,3,3,8,2,0,2,3,2,2,2,1,4,3,5,3,13,7,14,19,6,3,3,2,6,0,0,3,2,3,2,0,0,1,2,1,2,0,2,1,0,1,4,1,5,0,301,9296.81239,0,9296.81239,1,0
Old East Indies,0,0,0,0,0,0,0,0,0,0,0,0,0,0,0,0,0,0,0,0,0,0,0,0,0,0,0,0,0,0,0,0,0,0,0,0,0,1,0,1,2,4,2,1,3,3,1,0,2,0,0,2,0,1,0,2,2,2,3,1,1,3,3,0,1,0,2,6,0,1,2,0,4,2,0,0,2,3,2,3,1,2,1,4,1,1,6,3,3,4,3,3,1,4,3,5,4,4,4,0,3,1,3,4,3,139,9233.945,0,9233.945,1,0
Looasia Pte Ltd,0,0,0,0,0,0,0,0,0,0,0,0,0,0,0,0,0,0,0,0,0,0,0,0,0,0,0,0,0,0,0,0,0,0,0,0,0,0,0,0,0,0,0,0,0,0,0,0,0,0,0,0,0,0,0,0,0,0,0,0,0,0,0,0,0,0,0,0,0,0,0,0,24,10,9,15,12,21,27,12,5,7,3,7,1,6,6,12,15,17,3,8,2,10,8,8,3,12,3,4,9,4,9,9,10,311,8519.615,0,8519.615,1,0
Jezzroom,15,9,10,7,6,6,7,6,5,9,4,10,9,3,3,3,7,6,5,10,4,5,3,14,14,35,18,6,0,0,0,0,0,0,0,0,0,0,0,0,0,0,0,1,0,0,0,0,0,0,0,0,0,0,0,0,0,0,0,0,0,0,0,0,0,0,0,0,0,0,0,0,0,0,0,0,0,0,0,0,0,0,0,0,0,0,0,0,0,0,0,0,0,0,0,0,0,0,0,0,0,0,0,0,0,240,8268.6715,0,8268.6715,1,0
Altereco,0,0,0,0,0,0,0,0,0,0,0,0,3,1,3,6,5,0,2,3,4,8,4,5,10,8,7,9,2,2,2,5,3,3,1,6,6,7,5,6,5,6,8,6,4,7,5,5,7,9,5,5,3,3,3,2,4,3,3,2,4,2,10,7,6,3,6,8,10,4,6,5,6,7,6,8,15,21,20,9,3,1,0,0,0,0,0,0,0,0,0,0,0,0,1,0,0,0,0,0,0,0,0,0,0,389,8089.79392,0,8089.7939,1,0
Breeze For You,0,0,0,0,0,0,0,0,0,0,0,0,0,0,0,0,0,0,0,0,0,0,0,0,4,4,5,4,6,4,1,6,1,5,0,2,5,2,3,1,2,0,0,3,2,3,3,2,2,2,1,1,4,2,1,1,11,1,3,1,4,3,0,3,2,1,2,6,0,2,3,1,3,2,2,3,3,5,6,5,2,2,1,2,5,4,1,4,2,3,5,1,3,4,1,2,3,3,5,2,6,3,1,2,3,224,7879.49,0,7879.49,1,0
The Eco-Statement,5,7,7,9,2,1,1,6,7,9,10,6,9,6,8,4,2,5,9,7,5,6,13,19,15,16,13,5,11,8,3,3,10,5,6,6,8,6,6,5,5,6,3,0,5,0,0,0,0,0,0,0,0,0,1,0,0,1,0,0,0,0,0,0,0,0,0,0,0,0,0,0,0,0,0,0,0,0,2,0,0,0,0,0,0,0,1,0,1,2,2,0,0,0,0,0,0,2,0,2,0,1,0,0,1,324,6612.6895,11,6601.6895,0.99834,0
kawah coffee,17,10,5,11,9,3,3,3,11,6,6,2,4,6,5,5,6,3,9,7,9,11,11,13,16,24,30,12,4,1,2,5,9,4,5,3,0,0,0,0,0,0,0,0,0,0,0,0,0,0,0,0,0,0,0,0,0,0,0,0,0,0,0,0,0,0,0,0,0,0,0,0,0,0,0,0,0,0,0,0,0,0,0,0,0,0,0,0,0,0,0,0,0,0,0,0,0,0,0,0,0,0,0,0,0,290,5702.53,0,5702.53,1,0
Sacha Botanicals,0,0,0,0,0,0,0,0,0,0,0,0,0,0,0,0,0,0,0,0,0,0,0,0,0,0,0,0,0,0,0,0,0,0,0,0,0,0,0,0,0,0,0,0,0,0,0,0,0,0,0,0,0,0,0,0,0,0,0,0,0,0,0,0,0,0,0,0,0,0,0,0,0,0,8,9,3,8,18,8,2,0,4,7,2,3,4,7,6,5,7,9,4,10,4,6,11,14,17,11,10,12,12,11,3,235,5474.2918,0,5474.2918,1,0
Skinnies,9,7,1,3,3,2,2,8,1,5,3,4,2,3,5,3,5,2,4,4,4,3,3,5,7,3,8,6,4,2,4,3,6,5,4,4,3,6,8,5,4,8,9,3,0,0,1,1,0,0,0,0,0,0,0,0,0,0,0,0,0,0,0,0,0,0,0,0,0,0,0,0,0,0,0,0,0,0,0,0,0,0,0,0,0,0,0,0,0,0,0,0,0,0,0,0,0,0,0,0,0,0,0,0,0,195,5350.4495,3880.56324,1469.88626,0.27472,0
Quality Products Pte Ltd(UrbanComposter),0,3,1,3,3,1,5,3,1,0,2,1,4,0,1,0,2,0,4,0,1,3,1,1,2,2,3,3,1,1,1,0,1,2,3,0,1,3,2,5,4,0,3,1,2,0,1,4,9,1,3,2,2,3,1,2,1,0,1,7,4,7,1,0,0,1,0,0,0,0,0,0,0,0,1,0,1,0,2,0,1,0,0,0,0,1,1,0,0,0,0,1,0,0,0,0,0,2,0,1,1,0,0,0,0,142,5327.24228,2070.65824,3256.58404,0.61131,0
Ikkikidz,0,0,0,0,0,0,0,0,0,0,0,0,0,0,0,0,0,0,0,0,0,0,0,0,0,0,0,0,0,0,0,0,0,0,0,0,0,0,0,0,0,0,0,0,0,0,0,0,0,0,0,0,0,0,0,0,0,0,0,0,0,0,0,0,0,0,0,0,0,0,0,0,0,0,0,0,0,0,0,0,0,0,1,1,7,4,4,4,4,5,5,9,3,13,3,4,8,8,2,2,0,2,2,1,1,93,5268.43444,0,5268.43444,1,0
British Eco-Luxury Lifestyle(Clean Conscience),3,4,4,2,3,2,1,3,6,3,5,7,3,5,2,0,0,0,3,4,8,2,4,5,9,13,5,4,2,2,0,5,1,0,2,5,1,2,1,3,3,2,4,6,2,5,2,4,3,1,2,0,2,2,3,2,1,2,2,5,4,4,1,3,3,1,4,1,1,1,0,2,4,1,2,4,1,0,2,1,2,2,3,2,2,1,5,1,3,2,2,2,2,0,0,0,1,0,2,1,0,0,0,0,0,260,5086.00623,0,5086.00623,1,0
Sinfootech Pte Ltd,0,0,0,0,0,0,0,0,0,0,0,0,0,0,0,0,0,0,0,0,0,0,0,0,0,0,0,0,0,0,0,0,0,0,0,0,0,0,0,0,0,0,0,0,0,6,6,10,12,9,4,1,2,3,10,6,8,0,18,24,2,3,2,1,4,3,4,2,3,3,4,2,8,1,1,1,1,1,0,2,2,2,2,1,0,0,0,0,0,0,0,1,0,1,1,1,0,1,1,1,1,0,0,2,1,185,5027.77527,2420,2607.77527,0.51867,0
Kildi,0,0,0,0,0,0,0,0,0,0,0,0,0,0,0,0,0,0,0,0,4,5,5,9,8,9,5,4,3,1,2,1,1,2,3,4,1,3,0,2,2,2,4,4,6,3,2,2,2,2,3,1,1,1,3,1,1,1,2,2,2,2,4,1,1,2,1,2,2,2,0,2,2,1,2,3,0,2,1,1,0,0,1,0,0,0,0,0,1,0,0,2,0,0,1,2,0,0,1,2,1,1,2,1,1,166,4672.4913,0,4672.4913,1,0
Kiwi Handmade,11,7,8,9,5,4,5,6,7,6,0,2,1,3,1,2,3,3,5,2,4,1,5,5,8,11,12,6,3,5,1,3,0,3,3,3,0,0,0,2,2,0,2,1,0,1,0,0,1,0,0,1,0,0,0,0,1,0,0,0,0,0,0,0,0,0,0,0,0,0,0,0,1,0,0,0,3,4,3,3,0,0,0,1,0,0,0,0,0,0,0,0,0,0,2,1,0,2,0,0,0,0,0,0,0,194,4239.93408,0,4239.93408,1,0
Twopluso,2,1,1,0,0,0,0,0,0,0,1,2,0,0,0,0,0,0,0,0,1,0,0,1,3,2,2,2,0,2,3,0,2,4,0,2,3,0,0,2,0,1,1,2,1,3,3,0,1,0,3,1,0,0,1,0,0,1,1,1,1,2,0,1,0,0,1,1,1,3,2,1,1,1,2,2,0,1,1,1,2,2,0,2,1,0,0,0,0,0,0,0,1,0,2,0,1,1,2,1,0,1,1,1,1,97,4182.90628,0,4182.90628,1,0
Truth&All,2,0,0,1,2,0,0,0,1,0,1,1,1,1,0,0,1,1,0,2,1,4,5,2,1,2,0,1,0,0,0,0,0,0,0,0,0,0,0,0,0,0,0,0,0,0,0,0,0,0,0,0,0,0,0,0,0,0,0,0,0,0,0,0,0,0,0,0,0,0,0,0,0,0,0,0,0,0,0,0,0,0,0,0,0,0,0,0,0,0,0,0,0,0,0,0,0,0,0,0,0,0,0,0,0,30,4153.15,0,4153.15,1,0
Sosu,0,0,0,0,0,0,0,0,0,0,0,0,0,0,0,0,0,0,0,0,0,0,0,0,0,0,0,0,0,0,0,0,0,0,0,0,0,0,0,0,0,0,0,0,0,0,0,0,0,0,0,0,0,0,0,0,0,0,0,0,0,0,0,0,0,0,0,0,0,0,0,0,0,0,0,0,0,0,0,0,0,0,2,3,8,5,1,4,5,5,4,3,7,2,14,5,3,5,9,7,4,2,2,6,3,109,4125.257,0,4125.257,1,0
Bakening,1,0,4,4,7,3,6,6,3,0,5,3,5,4,1,2,4,2,1,1,7,5,2,5,6,8,8,0,4,2,1,2,1,3,1,4,6,2,2,4,3,8,4,4,3,1,5,9,3,4,1,5,2,4,0,0,4,0,5,5,6,3,2,3,0,3,3,2,2,4,3,2,10,2,2,1,6,5,5,4,3,2,2,3,1,1,3,4,3,4,3,4,1,1,0,1,7,7,4,0,1,1,1,0,0,330,4010.68537,3257.64229,753.04308,0.18776,0
C2+,0,0,0,0,0,0,0,0,0,0,0,0,0,0,0,0,0,0,0,0,0,0,0,0,0,0,0,0,0,0,0,0,0,0,0,0,0,0,4,1,0,1,1,2,0,2,0,2,2,1,5,5,2,2,2,1,4,4,11,8,7,3,4,2,7,3,6,4,3,2,6,5,4,3,1,4,5,4,6,1,2,1,0,0,1,1,1,0,0,0,0,0,0,0,2,0,1,0,1,1,0,1,0,0,0,152,3536.91633,51,3485.91633,0.98558,0
The Powder Shampoo,0,0,0,0,0,0,0,0,0,0,0,0,0,0,0,0,0,0,0,0,0,0,0,0,0,0,0,0,0,0,0,0,0,0,0,0,0,0,0,0,0,0,0,0,3,12,5,5,2,11,6,1,4,4,1,5,7,2,2,9,4,7,2,2,4,1,7,4,2,1,3,3,2,3,4,1,0,0,0,0,0,0,0,0,0,0,0,0,0,0,0,0,0,0,0,0,0,0,0,0,0,0,0,0,0,129,3307.48322,0,3307.48322,1,0
TORAJAMELO,0,0,0,0,0,0,0,0,0,0,0,0,0,0,0,0,0,0,0,0,0,0,0,6,4,1,5,1,2,0,2,0,0,1,2,2,1,3,2,1,7,1,0,2,0,1,2,0,1,1,0,5,1,2,3,2,4,1,0,0,1,0,1,1,0,1,1,1,1,0,0,0,1,3,1,2,2,0,1,0,0,0,2,1,1,1,0,1,2,0,0,0,0,1,1,0,1,0,2,0,0,1,0,0,0,97,3018.95,0,3018.95,1,0
CRUST Group,3,2,1,3,0,1,3,1,4,0,2,0,1,2,0,1,1,0,1,1,0,2,1,1,1,1,5,1,1,4,4,3,1,0,2,0,4,1,2,2,1,1,2,0,0,1,3,1,3,0,1,2,0,0,3,2,2,2,22,17,11,10,5,0,2,1,6,3,0,0,1,0,1,1,1,1,1,0,0,0,0,0,3,0,2,0,0,0,2,0,0,0,0,0,0,0,0,0,0,0,0,0,0,0,0,177,2960.97398,3715.33253,-754.35855,-0.25477,0
Studio BTY,0,0,0,0,0,0,0,0,0,0,0,0,0,0,0,0,0,0,0,0,0,0,2,4,3,0,0,0,0,0,0,0,0,0,0,0,0,0,0,0,0,0,0,0,0,0,0,0,0,0,0,0,0,0,0,0,0,0,0,0,0,0,0,0,0,0,0,0,0,0,0,0,1,2,0,1,2,3,1,0,0,0,0,0,0,0,0,0,0,0,0,0,0,0,0,0,0,0,0,0,0,0,0,0,0,19,2921.9,0,2921.9,1,0
Faiz Pte Ltd,15,14,11,17,10,6,8,5,2,1,4,3,2,6,7,1,7,5,10,6,6,3,2,3,1,3,6,5,1,6,1,4,3,3,5,4,4,2,3,4,5,2,3,8,3,2,3,4,6,1,2,3,2,3,2,4,2,3,3,8,3,1,2,3,4,5,3,1,3,1,3,3,0,3,1,5,5,1,1,1,2,6,5,8,3,6,4,1,3,6,5,2,1,9,16,11,7,12,9,12,21,20,11,11,10,528,2906.6842,1080.64368,1826.0405,0.62822,0
The Sustainability Project,0,0,0,0,0,0,0,0,0,0,0,0,0,0,0,0,0,0,0,3,6,8,7,14,14,9,14,8,3,0,4,4,4,0,0,0,0,0,0,0,0,0,0,0,0,0,0,0,0,0,0,0,0,0,0,0,0,0,0,0,0,0,0,0,0,0,0,0,0,0,0,0,0,0,0,0,0,0,0,0,0,0,0,0,0,0,0,0,0,0,0,0,0,0,0,0,0,0,0,0,0,0,0,0,0,98,2777,0,2777,1,0
Reuuse,2,1,0,1,0,1,1,1,1,1,0,1,3,0,2,0,0,0,2,1,0,1,0,1,4,4,0,3,3,2,3,4,0,2,0,1,2,4,2,5,1,0,2,5,2,4,0,0,2,3,4,2,0,2,4,0,3,2,1,1,0,0,2,1,0,1,0,0,2,1,0,0,0,0,0,1,0,0,0,0,0,1,0,1,0,0,0,0,0,0,0,0,0,0,0,0,0,0,0,0,0,0,0,0,0,107,2630.571,1740.8,889.771,0.33824,0
SimplyGood,0,0,0,0,0,0,0,0,0,0,0,0,0,0,0,0,0,0,0,0,0,0,0,0,0,3,2,1,2,2,1,0,1,4,2,2,2,3,5,4,2,2,1,3,2,2,3,0,0,0,0,1,0,2,0,0,3,2,2,3,3,1,0,1,4,5,0,1,0,2,4,9,6,7,1,1,6,8,5,4,1,4,5,5,2,3,2,3,2,2,1,4,4,2,2,1,5,2,0,3,5,3,1,0,2,194,2436.61177,1497.99673,938.61502,0.38521,0
Mei's Own,0,0,0,0,1,2,3,1,0,0,3,3,3,2,1,1,3,3,0,1,1,1,0,1,4,3,1,1,3,1,1,1,0,0,1,0,0,1,1,0,1,1,0,0,0,0,0,0,0,0,0,0,0,0,0,0,0,0,0,0,0,0,0,0,0,0,0,0,0,0,0,0,0,0,0,0,0,0,0,0,0,0,0,0,0,0,0,0,0,0,0,0,0,0,0,0,0,0,0,0,0,0,0,0,0,50,2298.706,0,2298.706,1,0
PetCubes,0,0,0,0,0,0,0,0,0,0,0,0,0,0,0,0,0,0,0,0,0,0,0,0,0,0,0,0,0,0,0,0,0,0,0,0,0,0,0,0,0,0,0,0,0,0,0,0,0,0,2,8,8,2,0,2,2,1,5,4,2,1,3,1,1,3,8,7,2,2,7,2,1,7,3,1,0,3,1,2,0,1,1,0,2,2,0,3,0,3,3,2,2,4,3,2,8,4,9,1,2,4,4,3,0,154,2264.44772,1184.04,1080.40772,0.47712,0
Confetti,4,5,1,2,0,2,6,3,3,0,5,2,3,2,2,1,2,1,2,0,3,4,1,5,7,7,6,4,5,3,2,6,1,1,3,5,4,2,6,2,0,2,3,7,1,4,2,3,2,2,3,4,2,5,3,0,0,0,0,0,0,0,0,0,0,0,0,0,0,0,0,0,0,0,0,0,8,7,3,4,0,4,1,5,1,1,0,3,0,1,0,0,1,0,0,0,0,1,1,1,0,1,0,0,0,209,2188.87065,1608.6,580.27065,0.2651,0
ChopValue SG Pte. Ltd.,0,0,0,0,0,0,0,0,0,0,0,0,0,0,0,0,0,0,0,0,0,0,0,0,0,0,0,0,0,0,0,0,0,0,0,0,0,0,0,0,0,0,0,0,0,0,0,0,0,0,0,0,0,1,1,2,6,2,2,6,4,1,1,4,1,4,0,0,0,1,0,0,0,0,3,2,2,0,2,0,0,0,0,0,0,0,0,1,1,0,0,0,0,0,0,0,0,0,0,0,1,0,0,0,0,48,1998.05,0,1998.05,1,0
Belly Up,0,0,0,0,0,0,0,0,0,0,0,0,0,0,0,0,0,0,0,0,0,0,0,0,0,0,0,0,0,0,0,0,0,0,0,0,0,0,0,0,0,0,0,0,0,0,0,0,0,0,1,3,2,2,1,0,1,3,2,0,0,3,1,4,2,4,3,2,4,2,1,1,1,2,2,0,2,5,2,2,2,2,0,3,1,0,1,0,1,0,1,0,0,2,1,0,3,0,2,1,1,0,1,1,0,81,1988.565,132.3,1856.265,0.93347,0
Last Forest,0,0,0,0,0,0,0,0,0,0,0,0,0,0,0,0,0,0,0,0,0,3,7,6,7,9,7,2,1,5,0,0,1,2,0,0,3,1,3,1,3,4,1,4,4,1,0,2,1,1,2,1,0,1,0,0,0,1,0,0,0,0,0,0,0,0,0,0,0,0,1,0,0,2,1,1,3,3,4,0,0,0,0,0,0,0,0,1,0,0,0,0,0,0,0,0,0,0,0,0,0,0,0,0,0,100,1907.383,865.16,1042.223,0.54642,0
NCA,3,1,0,1,2,1,2,2,2,0,1,0,2,0,1,1,1,0,4,2,2,3,2,1,4,10,10,6,5,0,1,2,3,1,0,2,2,3,1,2,2,1,3,3,0,5,3,1,1,1,1,1,0,0,1,0,2,3,3,0,2,0,1,0,0,0,0,0,0,0,0,0,0,0,0,0,0,0,0,0,0,0,0,0,0,0,0,0,0,0,0,0,0,0,0,0,0,0,0,0,0,0,0,0,0,120,1761.05625,1588.58494,172.47131,0.09794,0
Curators Collective(StyleCat),2,1,1,4,0,1,4,1,0,0,1,0,2,0,1,0,0,2,1,0,1,0,0,3,1,4,4,0,1,0,0,1,0,0,0,0,1,0,0,0,0,0,0,0,0,0,0,0,0,0,0,0,1,0,1,1,0,0,0,0,1,0,0,0,0,0,0,0,0,0,0,0,0,0,0,0,0,0,0,0,0,0,0,0,0,0,0,0,0,0,0,0,0,0,0,0,0,0,0,0,0,0,0,0,0,41,1719.5,0,1719.5,1,0
Equo,0,0,0,0,0,0,0,0,0,0,1,1,1,0,1,2,3,3,4,2,2,1,2,3,6,6,6,2,1,1,0,2,2,1,1,3,3,1,1,1,3,2,0,3,1,2,2,0,1,2,3,3,3,1,3,1,2,1,4,3,1,2,0,0,2,2,1,0,3,0,2,3,0,0,0,0,0,0,0,0,0,0,0,0,0,0,0,0,0,2,1,1,1,1,0,1,2,0,0,0,1,0,1,1,0,131,1692.4,865.75,826.65,0.48845,0
Kid On The Move,0,0,0,0,0,0,0,0,0,0,0,0,0,0,0,0,0,0,0,0,0,0,0,0,0,0,0,0,0,0,0,0,0,0,0,0,0,0,0,0,0,0,0,0,0,0,0,0,0,0,0,0,0,0,0,0,0,0,0,0,0,0,0,0,0,0,0,0,0,0,0,0,0,0,7,5,6,7,4,0,0,0,0,0,0,0,0,0,0,0,0,0,0,0,0,0,0,0,0,0,0,0,0,0,0,29,1444.65,0,1444.65,1,0
Bubbly Petz,0,0,0,0,0,0,0,0,0,0,0,0,0,0,0,0,0,0,0,0,0,0,0,0,0,0,0,0,0,0,0,0,0,0,0,0,0,0,0,0,0,0,0,0,0,0,0,0,0,1,2,2,0,1,2,3,2,0,2,1,1,2,5,3,2,3,2,0,0,1,0,0,0,0,0,2,1,1,1,1,0,0,0,0,0,1,0,0,0,0,0,0,0,0,0,0,0,0,0,0,1,1,1,0,0,45,1437.115,984.96,452.155,0.31463,0
ONELESS PTE LTD,0,0,0,0,0,0,0,0,0,0,0,0,3,1,0,0,2,2,1,2,1,2,8,7,1,6,5,3,0,0,0,0,0,0,0,0,0,0,0,0,0,0,0,0,0,0,0,0,0,0,0,0,0,0,0,0,0,0,0,0,0,0,0,0,0,0,0,0,0,0,0,0,0,0,0,0,0,0,0,0,0,0,0,0,0,0,0,0,0,0,0,0,0,0,0,0,0,0,0,0,0,0,0,0,0,44,1427.65246,0,1427.65246,1,0
Batik Boutique,0,0,0,0,0,0,0,0,0,0,0,0,0,0,0,0,0,0,0,0,0,0,0,0,0,0,0,0,0,0,0,0,0,0,0,0,0,0,0,0,0,0,0,0,0,0,0,0,0,0,0,0,0,0,0,0,0,0,0,0,0,0,0,0,0,0,0,0,0,0,0,0,0,0,0,0,0,16,17,4,5,0,3,2,1,2,5,1,1,2,1,0,0,0,0,0,0,0,0,0,0,0,0,0,0,60,1407.8,0,1407.8,1,0
Los Andes Co,0,0,0,0,0,0,0,0,0,0,0,0,0,0,0,0,0,0,0,0,0,0,0,0,0,0,0,0,0,0,0,0,0,0,0,0,0,0,0,0,0,0,0,0,0,0,0,0,0,0,0,0,0,0,0,0,0,0,0,0,0,0,0,0,0,0,0,0,0,0,0,0,0,0,0,0,0,0,0,0,0,0,0,0,0,0,0,0,3,14,10,3,5,1,2,3,6,11,9,9,6,4,7,3,2,98,1383.42503,0,1383.42503,1,0
No Supplier,0,0,0,0,0,0,0,0,0,0,0,0,0,0,0,0,0,0,0,0,0,0,2,4,0,0,0,0,0,0,0,0,0,0,0,0,0,0,0,0,0,0,0,0,0,0,0,0,0,1,0,0,1,0,0,0,0,0,0,0,0,0,0,4,4,11,2,3,3,0,0,2,0,0,0,1,0,0,0,0,0,0,1,0,0,0,1,0,0,0,0,0,0,0,0,0,0,0,1,0,1,0,2,1,1,46,1296.5622,486.25,810.3122,0.62497,0
Thai Village Project,0,0,0,0,0,0,0,0,0,0,0,0,0,0,0,0,0,0,0,0,0,0,0,0,0,0,0,0,0,0,0,0,0,0,0,0,0,0,0,0,0,0,0,0,0,0,0,0,0,0,0,0,0,0,0,0,0,0,0,0,0,0,0,0,0,0,0,0,0,0,0,0,0,3,9,8,11,6,9,2,0,1,0,0,1,0,0,0,0,0,0,0,0,0,0,0,0,0,0,0,0,0,0,0,0,50,1257.8,716.08,541.72,0.43069,0
Culottee,0,0,0,0,0,0,0,0,0,0,0,0,0,0,0,0,0,0,0,0,0,0,0,0,0,0,0,0,0,0,0,0,0,0,0,0,0,0,0,0,0,0,0,0,0,0,0,0,0,0,0,0,0,0,0,0,0,0,0,0,0,0,0,0,0,0,0,0,0,0,0,0,0,0,0,0,0,0,0,0,0,0,0,0,0,0,0,0,0,0,0,1,0,4,0,4,4,2,0,1,1,3,3,1,0,24,1222.2876,0,1222.2876,1,0
Gatchews,0,0,0,0,0,0,0,0,0,0,0,0,0,0,0,0,0,0,0,0,0,0,0,0,0,0,0,0,0,0,0,0,0,0,0,0,0,0,0,0,0,0,0,0,0,0,0,0,0,0,0,0,0,0,3,4,3,3,5,8,5,10,10,5,3,4,8,1,2,0,2,0,2,3,1,4,1,0,1,2,0,0,1,0,0,0,0,0,0,0,0,0,1,0,0,1,2,2,2,2,0,1,0,2,0,104,1142.12024,730.49,411.63024,0.36041,0
TTG Wines Pte Ltd,0,0,0,0,0,0,0,0,0,0,0,0,0,0,0,0,0,0,0,1,2,1,0,2,0,0,0,1,1,0,0,0,0,0,1,1,0,2,0,2,0,0,1,2,0,0,2,1,0,1,0,0,0,0,0,1,2,0,0,0,0,0,0,0,1,0,0,0,0,0,0,0,0,0,0,0,1,0,0,0,0,1,0,0,1,0,0,0,0,0,0,0,0,0,0,0,0,0,0,0,0,0,0,0,0,28,1140.387,729.64,410.747,0.36018,0
MOZMORO,0,0,0,0,0,0,0,0,0,0,0,0,0,0,0,0,0,0,0,0,0,0,0,0,0,0,0,0,0,0,0,0,0,0,0,0,0,0,0,0,0,0,0,0,0,0,0,0,0,0,0,0,0,0,0,0,0,0,0,0,0,0,0,0,0,0,0,0,0,0,0,0,0,0,0,0,0,0,3,1,2,0,0,0,1,0,3,4,4,2,3,1,0,0,3,2,1,1,2,2,1,1,1,1,0,39,1113.3,0,1113.3,1,0
Grinearth Global,0,0,0,0,0,0,0,0,3,3,3,3,3,1,1,0,1,1,1,2,2,1,1,1,1,1,0,0,2,1,0,1,0,2,3,2,0,2,3,1,1,2,0,1,0,0,0,0,0,1,0,0,1,0,0,1,1,0,1,1,1,0,1,1,2,0,2,1,0,1,2,1,1,2,2,0,0,0,0,1,0,1,0,0,0,0,0,0,0,0,0,0,0,0,0,0,0,0,0,0,0,0,0,0,0,75,1077.924,673.38,404.544,0.3753,0
Moom,0,0,0,0,0,0,0,0,0,0,0,0,0,0,0,0,0,0,0,0,0,0,0,0,0,0,0,0,0,0,0,0,0,0,0,0,0,0,0,0,0,0,0,0,0,0,0,0,0,0,0,0,0,0,0,0,0,0,0,0,0,0,0,0,0,0,0,0,0,0,0,0,0,0,0,1,1,1,4,0,0,0,1,0,1,1,0,0,0,0,0,0,0,1,1,0,0,1,0,2,1,0,2,0,0,18,1073.12832,1006.56,66.56832,0.06203,0
Endota,0,0,0,0,0,0,0,0,0,0,0,0,0,0,0,0,0,0,0,0,0,0,0,0,0,0,0,0,0,0,0,0,0,0,0,0,0,0,0,0,0,0,0,0,0,0,0,0,0,0,0,0,0,0,0,0,0,0,0,0,0,0,0,0,0,0,0,0,0,0,0,0,0,0,0,0,0,0,0,0,0,0,0,0,0,0,0,0,0,0,0,0,0,0,0,0,0,0,0,3,7,2,4,4,1,21,1067.5,0,1067.5,1,0
BoxGreen,0,0,0,0,0,0,0,0,0,0,0,0,0,0,0,0,0,0,0,0,0,0,0,0,0,2,7,1,0,0,1,2,0,0,0,2,1,7,0,0,0,0,0,0,0,0,0,0,0,0,0,0,0,0,0,0,0,0,0,0,0,0,0,0,0,0,3,0,0,0,0,1,0,0,0,0,0,0,0,0,0,0,0,0,0,0,0,0,0,0,0,0,0,0,0,0,0,0,0,0,0,0,0,0,0,27,1049.925,762.04,287.885,0.2742,0
Elixr Inc,0,5,0,1,1,0,1,0,0,1,1,0,0,0,2,0,1,2,2,1,0,0,1,3,3,1,0,0,1,1,2,1,2,1,2,1,2,0,0,3,3,1,1,2,0,2,4,4,2,3,5,3,1,3,2,2,1,3,2,1,1,0,2,3,2,3,4,1,0,3,1,1,0,0,0,1,1,0,0,0,0,0,0,1,0,0,0,0,0,0,0,0,0,0,0,0,0,0,0,0,0,0,0,0,0,111,1035.6167,607.55544,428.06126,0.41334,0
Urban Sproutz,2,6,6,3,2,0,2,3,2,3,1,3,3,0,3,1,2,2,2,1,4,1,1,7,3,3,2,2,1,0,1,0,2,0,0,1,0,0,0,0,0,0,0,0,0,0,0,0,0,0,0,0,0,0,0,0,0,0,0,0,0,0,0,0,0,0,0,0,0,0,0,0,0,0,0,0,0,0,2,1,0,0,1,0,0,0,0,1,0,0,0,0,0,0,1,0,0,0,0,0,0,0,0,0,0,81,1003.59161,799.96,203.63161,0.2029,0
Hua Hng,0,0,0,0,6,4,3,6,7,3,2,6,4,4,2,3,6,4,3,3,4,2,1,0,1,1,2,2,0,1,0,0,0,0,1,0,3,0,0,0,0,0,2,1,0,1,3,1,0,1,0,0,0,0,1,0,0,0,0,0,0,1,0,0,1,0,0,0,0,0,0,0,0,0,0,0,1,0,1,0,0,0,0,0,0,0,0,0,0,0,0,1,0,0,0,0,0,0,0,0,0,0,0,1,0,100,999.1,747.32,251.78,0.25201,0
Aarohana,4,2,0,1,0,1,0,1,1,0,0,1,0,0,0,0,1,0,0,0,0,1,1,1,0,2,1,1,0,0,0,0,0,1,2,1,0,4,0,3,1,1,2,0,1,0,0,1,1,0,0,0,0,0,0,0,0,0,0,0,0,0,0,0,0,0,0,0,0,0,0,0,0,0,0,0,0,0,0,0,0,0,0,0,0,0,0,0,0,0,0,0,0,0,0,0,0,0,0,0,0,0,0,0,0,37,989.4,0,989.4,1,0
Sagaseed,0,1,2,2,0,1,0,1,0,0,0,3,2,1,1,1,0,0,0,0,0,0,0,0,0,0,0,0,0,0,0,0,0,0,0,0,0,0,0,0,0,0,0,0,0,0,0,0,0,0,0,0,0,0,0,0,0,0,0,0,0,0,0,0,0,0,0,0,0,0,0,0,0,0,0,0,0,0,0,0,0,0,0,0,0,0,0,0,0,0,0,0,0,0,0,0,0,0,0,0,0,0,0,0,0,15,956.69,0,956.69,1,0
One With Earth(DinoStaury),0,2,2,0,0,1,1,0,0,0,0,1,0,0,0,2,0,0,1,0,0,0,0,3,1,3,2,0,0,1,2,1,0,1,1,0,0,0,0,0,0,0,0,0,0,0,0,0,0,0,0,0,0,0,0,0,0,0,0,0,0,0,0,0,0,0,0,0,0,0,0,0,0,0,0,0,0,0,0,0,0,0,0,0,0,0,0,0,0,0,0,0,0,0,0,0,0,0,0,0,0,0,0,0,0,25,950.8,0,950.8,1,0
Feel Good,0,0,0,0,0,0,0,0,0,0,0,0,0,0,0,0,0,0,0,0,0,0,0,0,0,0,0,0,0,0,0,0,0,0,0,0,0,0,0,0,0,0,0,0,0,0,0,0,0,0,0,0,0,0,0,0,0,0,0,0,0,0,0,0,0,0,0,0,0,0,0,0,0,0,0,0,0,0,0,0,0,0,0,0,0,0,0,0,0,0,0,0,0,0,0,0,0,0,0,12,20,8,14,11,1,66,944.42,0,944.42,1,0
Nimbu,0,0,0,0,0,0,0,0,0,0,0,0,0,0,0,0,0,0,0,0,0,0,0,0,0,0,0,0,0,0,0,0,0,0,0,0,0,0,0,0,0,0,0,0,0,0,0,0,0,0,0,0,0,0,0,0,0,0,0,0,0,0,0,0,0,0,0,0,0,0,0,0,0,0,0,0,0,0,0,0,0,0,0,0,0,0,0,0,0,0,0,0,0,0,0,0,0,0,0,0,0,2,1,8,0,11,939,0,939,1,0
Big Snug,3,4,8,3,2,3,4,2,2,3,3,4,5,1,4,0,1,0,2,0,0,0,0,0,0,0,0,0,0,0,0,0,0,0,0,0,0,0,0,0,0,0,0,0,0,0,0,0,0,0,0,0,0,0,0,0,0,0,0,0,0,0,0,0,0,0,0,0,0,0,0,0,0,0,0,0,0,0,0,0,0,0,0,0,0,0,0,0,0,0,0,0,0,0,0,0,0,0,0,0,0,0,0,0,0,54,925.3,0,925.3,1,0
All Things Felt,0,0,0,0,0,0,0,0,0,0,0,0,0,0,0,0,0,0,0,0,0,0,0,0,0,0,0,0,0,0,0,0,0,0,0,0,0,0,0,0,0,0,0,0,0,0,0,0,0,0,0,0,0,0,0,0,0,0,0,0,0,0,0,0,0,0,0,0,0,0,0,0,0,0,0,6,13,12,6,1,0,0,0,0,0,1,0,0,0,0,0,0,0,0,0,0,0,0,0,0,0,0,0,0,0,39,916.45,0,916.45,1,0
Air Dried Treats,0,0,0,0,0,0,0,0,0,0,0,0,0,0,0,0,0,0,0,0,0,0,0,0,0,0,0,0,0,0,0,0,0,0,0,0,0,0,0,0,0,0,0,0,0,0,0,0,0,0,0,0,1,4,7,0,6,2,3,4,2,0,3,2,0,0,0,0,0,0,0,0,0,2,0,0,0,3,1,0,0,0,1,0,0,0,2,2,0,0,1,1,1,1,0,0,1,4,6,1,0,1,1,0,1,64,884.645,664.82,219.825,0.24849,0
Others,0,0,3,1,0,0,1,0,0,0,1,2,0,1,2,0,1,0,1,2,0,0,0,3,3,2,4,0,0,0,0,0,1,0,0,0,0,0,1,0,0,1,0,0,1,0,0,1,0,0,0,0,1,0,1,0,0,0,0,0,0,0,0,0,0,0,0,0,0,0,0,0,0,0,0,0,0,0,1,0,0,0,0,0,0,0,0,0,0,0,0,0,0,0,0,0,0,0,0,1,0,0,0,0,1,37,796.228,147.1221,649.1059,0.81523,0
Bewoki Pte. Ltd(Aquama),2,3,1,1,0,3,0,2,2,1,3,1,2,1,1,1,1,2,2,3,0,2,1,2,0,1,1,0,0,1,1,1,0,0,0,1,3,0,2,2,0,1,0,2,0,2,2,3,3,0,0,0,0,0,0,0,0,0,0,0,0,0,0,0,0,0,0,0,0,0,0,0,0,0,0,0,0,0,0,0,0,0,0,0,0,0,0,0,0,0,0,0,0,0,0,0,0,0,0,0,0,0,0,0,0,63,751.4065,0,751.4065,1,0
Curated Culture,0,0,0,0,0,0,0,0,0,0,0,0,0,0,0,0,0,0,0,0,0,0,0,0,0,0,0,0,0,0,0,0,0,0,0,0,0,0,0,0,0,0,0,0,0,0,0,0,0,0,0,0,0,0,0,0,0,0,0,0,0,0,0,2,0,2,3,1,0,1,5,1,1,0,0,1,4,0,0,0,1,1,1,2,2,0,2,2,6,3,3,4,2,3,3,3,1,2,1,1,1,0,2,3,1,71,619.416,0,619.416,1,0
Greenyarn,0,2,2,0,1,0,0,0,0,0,2,0,0,0,1,0,0,1,0,0,0,0,0,0,0,1,0,0,0,0,0,2,0,1,0,0,0,0,0,1,0,0,0,0,0,0,0,0,1,0,0,1,1,1,1,1,0,0,1,0,1,2,2,1,0,1,1,0,0,0,0,0,0,0,0,2,0,1,0,1,0,0,0,1,1,0,1,0,0,0,0,0,0,0,0,0,0,0,1,1,0,1,0,0,0,39,619.08,336,283.08,0.45726,0
Wildness,1,1,5,3,1,1,2,1,2,1,4,1,5,1,1,1,1,2,1,1,2,0,0,0,1,2,6,1,0,0,0,0,0,0,1,0,0,0,1,1,0,0,0,0,0,0,0,0,0,0,0,0,0,0,0,0,0,0,0,0,0,0,0,0,0,0,0,0,0,0,0,0,0,0,0,0,0,0,0,0,0,0,0,0,0,0,0,0,0,0,0,0,0,0,0,0,0,0,0,0,0,0,0,0,0,51,574.6,409.2,165.4,0.28785,0
Taiao,0,1,7,1,1,3,3,5,6,1,3,2,1,3,2,1,4,0,0,0,0,1,2,4,3,1,1,1,3,0,0,1,1,0,2,1,3,1,2,0,0,0,0,0,0,0,0,0,0,0,0,0,0,0,0,0,0,0,0,0,0,0,0,0,0,0,0,0,0,0,0,0,0,0,0,0,0,0,0,0,0,1,0,0,0,0,0,0,0,0,0,0,0,0,0,0,0,0,0,0,0,0,0,0,0,72,574.31565,344.55599,229.75966,0.40006,0
Protenga,0,0,0,0,0,0,0,0,0,0,0,0,0,0,0,0,0,0,0,0,0,0,0,0,0,0,0,0,0,0,0,0,0,0,0,0,0,0,0,0,0,0,0,0,1,3,0,2,1,3,4,2,5,1,2,1,0,3,0,2,1,1,3,0,0,0,6,1,0,2,1,3,1,0,3,2,1,0,3,1,0,0,2,0,0,0,0,0,0,1,1,0,3,1,2,1,3,1,2,0,2,1,0,0,0,79,506.42314,0,506.42315,1,0
Herbyvore,0,2,0,2,0,2,1,1,0,2,0,0,1,0,1,0,0,0,2,0,0,0,1,0,2,0,2,2,0,1,0,2,0,0,0,1,0,1,0,0,0,0,0,1,0,0,0,0,0,0,0,2,0,1,0,0,0,1,0,0,0,0,0,0,0,0,1,0,0,0,0,0,0,0,0,0,0,0,0,0,0,0,0,0,0,0,0,0,0,0,0,0,0,0,0,0,1,0,0,1,13,1,1,0,0,49,500.5518,199.71767,300.83413,0.601,0
Gentle Organics,0,0,0,0,0,0,0,0,0,0,0,0,0,0,0,0,0,0,0,0,0,0,0,0,0,0,0,0,0,0,0,0,0,0,2,1,0,2,3,2,1,1,3,3,2,2,1,1,1,2,2,1,1,0,1,2,2,1,1,2,0,0,0,0,0,0,0,0,0,0,0,0,0,0,0,0,0,0,0,0,0,0,0,0,0,0,0,0,0,0,0,0,0,0,0,0,0,0,0,0,0,0,0,0,0,40,497.325,0,497.325,1,0
Third Wave Power,0,0,0,0,0,0,0,1,0,0,1,0,0,1,0,0,0,0,0,2,0,0,0,0,0,0,0,1,0,0,0,0,0,0,0,0,0,0,0,1,4,3,1,2,0,1,2,1,2,1,1,0,0,0,0,0,0,0,0,0,0,0,0,0,0,0,0,0,0,0,0,0,0,0,0,0,0,0,0,0,0,0,0,0,0,0,0,0,0,0,1,0,0,0,0,0,0,0,0,0,0,0,0,0,0,26,468.8,249.66946,219.13054,0.46743,0
Slow Products,0,0,0,0,0,0,0,0,0,0,0,0,0,0,0,0,0,0,0,0,0,0,0,0,0,0,0,0,0,0,0,0,0,0,0,0,0,0,0,0,0,0,0,0,0,0,0,0,0,0,0,0,0,0,0,0,0,0,0,0,0,0,0,0,0,0,0,0,0,1,4,2,3,0,0,0,0,0,1,0,0,0,0,0,0,0,0,0,1,1,2,2,0,1,2,0,1,0,1,1,0,0,0,0,0,23,452.202,0,452.202,1,0
GreenSpade,4,1,1,0,1,1,2,1,1,0,0,3,3,1,3,0,3,2,0,0,1,1,0,0,4,1,0,1,2,0,0,0,1,1,0,1,2,2,0,1,0,1,0,0,0,1,0,0,0,1,0,0,0,0,0,1,0,0,0,0,0,0,0,1,0,0,0,0,0,0,0,0,0,0,0,0,0,0,1,0,0,0,0,0,0,0,0,0,0,0,0,0,0,0,0,0,0,0,0,0,0,0,0,0,0,51,439.38654,300.97994,138.4066,0.315,0
Asmara,0,7,4,3,1,0,0,3,0,0,0,2,2,0,2,0,2,0,3,1,2,1,1,0,0,0,1,0,2,0,0,1,1,0,0,0,0,4,1,1,0,0,0,0,0,0,0,0,0,0,0,0,0,0,0,0,0,0,0,0,0,0,0,0,0,0,0,0,0,0,0,0,0,0,0,0,0,0,0,0,0,0,0,0,0,0,0,0,0,0,0,0,0,0,0,0,0,0,0,0,0,0,0,0,0,45,437.4,349.25,88.15,0.20153,0
Crunch Cutlery,0,0,0,0,0,0,0,0,0,0,0,0,0,0,0,0,0,0,0,0,0,0,0,0,0,4,5,1,1,1,1,0,0,1,0,1,0,0,1,0,1,0,0,0,0,0,0,0,1,0,0,0,0,1,0,0,0,0,0,0,0,0,0,0,0,0,0,0,0,0,0,0,0,0,0,0,0,0,0,0,0,0,0,0,0,0,0,0,0,0,0,0,0,0,0,0,0,0,0,0,0,0,0,0,0,19,432.64,319.41,113.23,0.26172,0
Green Monday,0,0,0,0,0,0,0,0,0,0,0,0,0,0,0,0,0,0,0,0,0,0,0,0,0,0,0,0,0,0,0,0,0,0,0,0,0,0,0,0,0,0,0,0,0,0,0,0,0,0,0,0,0,0,0,0,0,0,0,0,0,0,2,4,1,0,0,0,0,0,0,0,0,0,0,0,0,0,0,0,0,0,0,0,0,0,0,0,0,0,0,0,0,0,0,0,0,0,0,0,0,0,0,0,0,7,426.6,393.6,33,0.07736,0
WeArePlanetHope,0,0,0,0,0,0,0,0,0,0,0,0,0,0,0,0,0,0,0,0,0,0,0,0,0,0,0,0,0,0,0,0,0,0,0,0,0,0,0,0,0,0,0,0,0,1,0,1,0,0,1,0,0,0,0,1,1,0,0,1,0,2,0,0,0,0,0,0,0,0,0,0,0,1,0,0,1,0,0,0,0,0,0,0,0,0,0,0,0,0,0,0,1,0,0,0,0,0,1,1,0,0,0,1,0,14,393.025,171.6,221.425,0.56339,0
Insect Feed Technology,0,0,0,2,2,2,1,2,1,1,1,1,1,0,0,0,0,1,0,0,0,0,0,0,1,0,0,0,0,0,0,0,0,0,0,0,0,1,0,1,1,2,4,1,3,1,0,2,1,3,3,0,1,1,0,0,0,1,0,0,1,0,0,0,0,0,0,0,0,0,0,0,0,0,0,1,0,0,0,0,0,0,0,1,0,0,0,0,0,0,1,0,0,0,0,0,0,0,0,0,0,0,0,0,0,46,370.3,252.64,117.66,0.31774,0
Papel De Lipa,0,0,0,0,0,0,0,0,0,0,0,0,0,0,0,0,0,0,0,0,0,0,0,0,0,0,0,0,0,0,0,0,0,0,4,0,3,3,3,3,5,4,5,5,4,2,6,2,5,5,0,0,1,0,1,1,1,0,0,0,0,0,0,0,0,0,0,0,0,0,0,0,0,0,0,1,1,0,3,1,0,0,0,0,0,0,0,0,0,0,0,0,0,0,0,0,0,0,0,0,0,0,0,0,0,69,368.75,183.33,185.42,0.50283,0
The Thread Loop,0,0,0,0,0,0,0,0,0,0,0,0,0,0,0,0,0,0,0,0,0,0,0,0,0,0,1,1,0,0,0,0,0,0,0,1,1,0,0,0,0,0,0,0,0,0,0,0,0,0,0,0,0,0,0,0,0,0,0,0,0,0,0,0,0,0,0,0,0,0,0,0,0,0,0,0,0,0,0,0,0,0,0,0,0,0,0,0,0,0,0,0,0,0,0,0,0,0,0,0,0,0,0,0,0,4,343.5,0,343.5,1,0
Nut Culture,3,0,0,0,1,0,0,0,0,0,0,0,0,0,0,0,0,0,0,0,0,0,0,0,0,0,0,0,0,0,0,0,0,0,0,0,0,0,0,0,0,0,0,0,0,0,0,0,0,0,0,0,0,0,0,0,0,0,0,0,0,0,1,0,4,1,1,2,0,3,0,0,2,2,0,0,1,0,0,0,0,1,1,0,0,0,0,0,0,0,0,0,0,0,0,0,0,0,0,0,0,0,0,0,0,23,329.78352,191,138.78352,0.42083,0
TGC-Posh Pantry,0,0,0,0,0,0,0,0,0,0,0,0,0,0,0,0,0,0,0,0,0,0,1,3,2,0,3,1,0,0,0,1,0,1,1,0,0,0,0,0,1,0,0,0,1,6,0,0,0,0,1,0,0,0,0,0,0,0,0,0,0,0,0,0,0,0,0,0,0,0,0,0,0,0,0,0,0,0,0,0,0,0,0,0,0,0,0,0,0,0,0,0,0,0,0,0,0,0,0,0,0,0,0,0,0,22,309.88,166.5,143.38,0.4627,0
Kaiser,0,0,0,0,0,0,0,0,0,0,0,0,0,0,0,0,0,0,0,0,0,1,0,0,2,0,2,0,0,1,0,0,0,0,2,0,0,2,3,4,0,2,1,0,3,3,1,0,0,0,0,0,0,0,0,0,0,0,0,0,0,0,0,0,0,0,0,0,0,0,0,0,0,0,0,0,0,0,0,0,0,0,0,0,0,0,0,0,0,0,0,0,0,0,0,0,0,0,0,0,0,0,0,0,0,27,309.57,309.54,0.03,0.0001,0
The Handmade Romantics,6,3,0,0,0,0,0,0,0,0,0,0,0,0,0,0,0,0,0,0,0,0,0,0,0,0,0,0,0,0,0,0,0,0,0,0,0,0,1,0,0,0,0,0,0,0,0,0,0,0,0,0,0,0,0,0,0,0,0,0,0,0,0,0,0,0,0,0,0,0,0,0,0,0,0,0,0,0,0,0,0,0,0,0,0,0,0,0,0,0,0,0,0,0,0,0,0,0,0,0,0,0,0,0,0,10,306.6,0,306.6,1,0
THERHAPPY Nutrition,0,0,0,0,0,0,0,0,0,0,0,0,0,0,0,0,0,0,0,0,0,0,0,0,0,0,2,1,0,0,0,1,0,0,2,0,0,1,0,0,0,0,0,0,0,0,0,0,0,0,0,0,0,0,0,0,0,0,0,0,0,0,0,0,0,0,0,0,0,0,0,0,0,0,0,0,0,0,0,0,0,0,0,0,0,0,0,0,0,0,0,0,0,0,0,0,0,0,0,0,0,0,0,0,0,7,296.28,226.01,70.27,0.23717,0
Oh My Goodness,0,0,0,0,0,0,1,1,0,1,0,0,0,1,0,0,0,0,1,0,1,0,0,0,0,0,0,0,0,0,0,0,0,0,0,0,0,0,0,0,0,0,0,0,0,0,0,0,0,0,0,0,0,0,0,0,0,0,0,0,0,0,0,0,0,0,0,0,0,0,0,0,0,0,0,0,0,0,0,0,0,0,0,0,0,0,0,0,0,0,0,0,0,0,0,0,0,0,0,0,0,0,0,0,0,6,254.745,201.06,53.685,0.21074,0
Mooncheeks Period Underwear,0,0,0,0,0,0,0,0,0,0,0,0,0,0,0,0,0,0,0,0,0,0,0,0,0,0,0,0,0,0,0,0,0,0,0,0,0,0,0,0,0,0,0,0,0,0,0,0,0,0,0,0,0,0,0,0,0,0,0,0,0,0,0,0,0,0,0,0,0,0,0,0,0,0,0,0,0,0,0,0,0,0,0,0,0,0,0,0,0,0,0,0,0,0,0,0,0,0,0,0,0,2,1,1,0,4,193,0,193,1,0
Gege Fashion,0,0,1,1,0,0,0,0,0,0,0,0,0,0,0,0,0,0,0,0,0,0,0,0,0,0,0,0,0,0,0,0,0,0,0,0,0,0,0,0,0,0,0,0,0,0,0,0,0,0,0,0,0,0,0,0,0,0,0,0,0,0,0,0,0,0,0,0,0,0,0,0,0,0,0,0,0,0,0,0,0,0,0,0,0,0,0,0,0,0,0,0,0,0,0,0,0,0,0,0,0,0,0,0,0,2,190,0,190,1,0
The Whole Kitchen,0,0,0,0,0,0,0,0,0,0,0,0,0,0,0,0,0,0,0,0,0,0,1,0,2,2,0,0,0,0,0,0,0,0,0,0,0,0,0,0,0,1,1,0,0,0,0,0,0,0,0,0,0,0,0,0,0,0,0,0,0,0,0,0,0,0,0,0,0,0,0,0,0,0,0,0,0,0,0,0,0,0,0,0,0,0,0,0,0,0,0,0,0,0,0,0,0,0,0,0,0,0,0,0,0,7,177.45,124.15,53.3,0.30037,0
Singapore Macrame,0,0,2,1,1,0,1,2,0,1,1,0,1,0,1,0,0,0,0,1,0,0,0,0,0,0,0,0,0,0,0,0,0,0,1,0,0,0,0,0,0,0,0,0,0,0,0,0,0,0,0,0,0,0,0,0,0,0,0,0,0,0,0,0,0,0,0,0,0,0,0,0,0,0,0,0,0,0,0,0,0,0,0,0,0,0,0,0,0,0,0,0,0,0,0,0,0,0,0,0,0,0,0,0,0,13,153.4,107,46.4,0.30248,0
ZENKO Superfoods,0,0,0,0,0,0,0,0,0,0,0,0,0,0,0,0,0,0,0,0,0,0,0,0,0,0,0,0,0,0,0,0,0,0,0,0,0,0,0,0,0,0,0,0,0,0,0,0,0,0,0,0,0,0,0,0,0,0,0,0,0,0,0,2,4,7,2,3,1,0,0,1,1,0,1,0,1,0,0,0,0,0,0,0,0,0,0,0,0,0,0,0,0,0,0,0,0,0,0,0,0,0,0,0,0,23,121.9561,0,121.9561,1,0
Pourabucha,0,0,0,0,0,0,0,0,0,0,0,0,0,0,0,0,0,0,0,0,0,0,0,0,0,0,0,0,0,0,0,2,0,0,0,1,2,1,1,0,0,0,0,0,0,1,0,0,2,0,1,0,1,1,0,0,0,0,0,0,0,0,0,0,0,0,0,0,0,0,0,0,0,0,0,0,0,0,0,0,0,0,0,0,0,0,0,0,0,0,0,0,0,0,0,0,0,0,0,0,0,0,0,0,0,13,116.025,83.3,32.725,0.28205,0
Re Food,0,0,0,0,0,0,0,0,0,0,0,0,0,0,0,0,0,0,0,0,0,0,0,0,0,0,1,0,1,0,0,0,0,0,0,0,0,1,0,0,0,0,0,0,0,0,0,0,0,0,0,0,0,0,0,0,0,0,0,0,0,0,0,0,0,0,0,0,0,0,0,0,0,0,0,0,0,0,0,0,0,0,0,0,0,0,0,0,0,0,0,0,0,0,0,0,0,0,0,0,0,0,0,0,0,3,115.15,90,25.15,0.21841,0
The FamilyKitchen,0,0,0,3,1,0,0,2,3,3,0,0,0,0,0,0,0,0,0,0,0,0,0,0,0,0,0,0,0,0,0,0,0,0,0,0,0,0,0,0,0,0,0,0,0,0,0,0,0,0,0,0,0,0,0,0,0,0,0,0,0,0,0,0,0,0,0,0,0,0,0,0,0,0,0,0,0,0,0,0,0,0,0,0,0,0,0,0,0,0,0,0,0,0,0,0,0,0,0,0,0,0,0,0,0,12,111.5,97.5,14,0.12556,0
Kin Yan,0,0,0,0,0,0,0,0,0,0,0,0,0,0,0,0,0,0,0,0,0,0,0,0,0,0,0,0,0,0,0,0,0,0,0,0,0,0,0,0,0,0,0,0,0,0,0,0,0,0,0,0,0,0,0,0,0,0,0,0,0,0,0,0,0,0,0,0,0,0,0,0,0,0,2,1,0,0,0,0,0,1,0,0,0,0,0,0,0,0,0,0,0,0,1,0,0,1,0,0,0,0,0,0,0,6,108.99333,90,18.99333,0.17426,0
Happy Bounty,0,0,0,0,0,0,0,0,0,0,0,0,0,0,0,0,0,0,0,0,0,0,0,0,0,0,0,0,0,0,0,0,0,0,0,0,0,0,0,0,0,0,0,0,0,0,0,0,0,0,0,0,0,0,0,0,0,0,0,0,0,0,0,0,0,4,2,3,2,0,0,0,0,0,0,0,0,0,0,0,0,0,0,0,0,0,0,0,0,0,0,0,0,0,0,0,0,0,0,0,0,0,0,0,0,11,101.405,0,101.405,1,0
Antidote,0,0,0,0,0,0,0,0,0,0,0,0,0,0,0,0,0,0,0,0,0,0,0,0,0,0,0,0,0,0,0,1,0,0,3,2,3,0,1,0,0,1,0,0,0,0,0,0,0,0,0,0,0,0,0,0,0,0,0,0,0,0,0,0,0,0,0,0,0,0,0,0,0,0,0,0,0,0,0,0,0,0,0,0,0,0,0,0,0,0,0,0,0,0,0,0,0,0,0,0,0,0,0,0,0,11,94.965,72,22.965,0.24183,0
ELYSIAN 5 PTE LTD,0,0,0,0,0,0,0,0,0,0,0,0,0,0,0,0,0,0,0,0,0,0,0,0,0,0,0,0,0,0,0,0,0,0,0,0,0,0,0,0,0,0,0,0,0,0,0,0,0,0,0,0,0,0,1,0,0,0,0,1,0,0,0,0,0,0,0,0,0,0,1,0,0,0,0,1,0,0,0,0,0,0,0,0,0,0,0,0,0,0,1,0,0,0,1,0,0,0,0,0,0,0,0,0,0,6,81.2,0,81.2,1,0
Green Gaea,0,0,0,0,0,2,2,0,0,0,0,0,0,0,0,0,0,0,0,0,0,0,0,0,1,0,0,0,0,0,0,0,0,0,0,0,0,0,0,0,0,0,0,0,0,0,0,0,0,0,1,0,0,0,1,0,1,0,0,0,0,0,0,0,0,0,0,1,0,0,0,0,0,0,0,0,0,0,0,0,0,0,0,0,0,0,0,0,0,0,0,0,0,0,0,0,0,0,0,0,0,0,0,0,0,9,75.7,0,75.7,1,0
Akesi Wellness,1,0,0,0,0,0,0,0,0,0,0,0,0,0,0,0,0,0,0,0,0,0,0,0,0,0,0,0,0,0,0,0,0,0,0,0,0,0,0,0,0,0,0,0,0,0,0,0,0,0,0,0,0,0,0,0,0,0,0,0,0,0,0,0,0,0,0,0,0,0,0,0,0,0,0,0,0,0,0,0,0,0,0,0,0,0,0,0,0,0,0,0,0,0,0,0,0,0,0,0,0,0,0,0,0,1,58,43.5,14.5,0.25,0
TGC-Petale Tea,0,0,0,0,0,0,0,0,0,0,0,0,0,0,0,0,0,0,0,0,0,0,0,0,0,0,0,0,0,0,0,0,0,0,0,0,0,0,0,0,0,1,0,0,0,1,0,0,0,0,0,0,0,0,0,0,0,0,0,0,0,0,0,0,0,0,0,0,0,0,0,0,0,0,0,0,0,0,0,0,0,0,0,0,0,0,0,0,0,0,0,0,0,0,0,0,1,0,0,0,1,0,0,0,0,4,53.7,0,53.7,1,0
RdytoGlow,2,0,0,0,0,0,0,0,0,0,0,0,0,0,0,0,0,0,0,0,0,0,0,0,0,0,0,0,0,0,0,0,0,0,0,0,0,0,0,0,0,0,0,0,0,0,0,0,0,0,0,0,0,0,0,0,0,0,0,0,0,0,0,0,0,0,0,0,0,0,0,0,0,0,0,0,0,0,0,0,0,0,0,0,0,0,0,0,0,0,0,0,0,0,0,0,0,0,0,0,0,0,0,0,0,2,51,0,51,1,0
TGC-Kawah,0,0,0,0,0,0,0,0,0,0,0,0,0,0,0,0,0,0,0,0,0,0,0,1,0,0,0,0,2,0,0,0,0,0,0,0,0,0,0,0,0,0,0,0,0,0,0,0,0,0,0,0,0,0,0,0,0,0,0,0,0,0,0,0,0,0,0,0,0,0,0,0,0,0,0,0,0,0,0,0,0,0,0,0,0,0,0,0,0,0,0,0,0,0,0,0,0,0,0,0,0,0,0,0,0,3,47.775,27,20.775,0.43485,0
Bare Necessities,0,0,0,0,0,0,0,0,0,0,0,0,0,0,0,0,0,0,0,0,0,0,0,0,0,0,0,0,0,0,0,0,0,0,0,0,0,0,0,0,0,0,0,0,0,0,0,0,0,0,0,0,0,0,0,0,0,0,0,0,0,0,0,0,0,0,0,0,0,0,0,0,0,0,0,0,0,0,0,0,0,0,0,0,0,0,0,0,0,0,0,0,0,0,0,0,0,0,0,0,0,0,2,1,0,3,45.27,0,45.27,1,0
OGreen Living,1,0,0,0,0,0,0,0,0,0,0,0,0,0,0,0,0,0,0,0,0,0,0,0,0,0,0,0,0,0,1,0,0,0,0,0,0,0,0,1,0,0,0,0,0,0,0,0,0,0,0,0,0,0,0,0,0,0,0,0,0,0,0,0,0,0,0,0,0,0,0,0,0,0,0,0,0,0,0,0,0,0,0,0,0,0,0,0,0,0,0,0,0,0,0,0,0,0,0,0,0,0,0,0,0,3,33,16.4,16.6,0.50303,0
Blendery,0,0,0,0,0,0,0,0,0,0,0,0,0,0,0,0,0,0,0,0,0,0,0,0,0,0,0,0,0,0,0,0,1,0,0,0,0,0,0,0,0,0,0,0,0,0,0,0,0,0,0,0,0,0,0,0,0,0,0,0,0,0,0,0,0,0,0,0,0,0,0,0,0,0,0,0,0,0,0,0,0,0,0,0,0,0,0,0,0,0,0,0,0,0,0,0,0,0,0,0,0,0,0,0,0,1,21.238,3.626,17.612,0.82927,0
Clessidra,0,0,0,0,0,0,0,0,0,0,0,0,0,0,0,0,0,0,0,0,0,0,0,0,0,0,0,0,0,0,0,0,0,0,0,0,0,0,0,0,0,0,0,0,0,0,0,0,0,0,0,0,0,0,0,0,0,0,0,0,0,0,0,0,0,0,0,0,0,0,0,0,0,0,0,0,0,0,0,0,0,0,0,0,0,0,0,0,0,0,0,0,1,0,0,0,0,0,0,0,0,0,0,0,0,1,20,0,20,1,0
XQZT(Amrta chocolates),1,0,0,0,0,0,0,0,0,0,0,0,0,0,0,0,0,0,0,0,0,0,0,0,0,0,0,0,0,0,0,0,0,0,0,0,0,0,0,0,0,0,0,0,0,0,0,0,0,0,0,0,0,0,0,0,0,0,0,0,0,0,0,0,0,0,0,0,0,0,0,0,0,0,0,0,0,0,0,0,0,0,0,0,0,0,0,0,0,0,0,0,0,0,0,0,0,0,0,0,0,0,0,0,0,1,12,0,12,1,0
"Not Shit, Fun Wines",0,0,0,0,0,0,0,0,0,0,0,0,0,0,0,0,0,0,0,0,0,0,0,0,0,0,0,0,0,0,0,0,0,0,0,0,0,0,0,0,0,0,0,0,0,0,0,0,0,0,0,0,0,0,0,0,0,0,0,0,0,0,0,0,0,0,0,0,0,0,0,0,0,0,0,0,1,0,0,0,0,0,0,0,0,0,0,0,0,0,0,0,0,0,0,0,0,0,0,0,0,0,0,0,0,1,11.9,0,11.9,1,0
Zestyleaf,0,0,0,0,0,0,0,0,0,0,0,0,0,0,0,0,0,0,0,0,0,0,0,0,0,0,0,0,0,0,0,0,0,0,0,0,0,0,0,0,0,0,0,0,0,0,0,0,0,0,0,1,0,0,0,0,0,0,0,0,0,0,0,0,0,0,0,0,0,0,0,0,0,0,0,0,0,0,0,0,0,0,0,0,0,0,0,0,0,0,0,0,0,0,0,0,0,0,0,0,0,0,0,0,0,1,7.9,0,7.9,1,0
Vietnam Handmade,0,0,0,0,0,0,0,0,0,0,0,0,0,0,0,0,0,0,0,1,0,0,0,0,0,0,0,0,0,0,0,0,0,0,0,0,0,0,0,0,0,0,0,0,0,0,0,0,0,0,0,0,0,0,0,0,0,0,0,0,0,0,0,0,0,0,0,0,0,0,0,0,0,0,0,0,0,0,0,0,0,0,0,0,0,0,0,0,0,0,0,0,0,0,0,0,0,0,0,0,0,0,0,0,0,1,5,1.25,3.75,0.75,0

Sale Count,332,383,355,342,299,250,276,342,341,290,339,289,271,289,280,246,322,296,312,340,423,346,427,638,702,833,975,470,407,353,286,396,356,336,386,324,323,363,398,373,344,361,375,729,352,440,415,400,399,359,292,363,351,316,318,298,416,349,410,513,356,393,390,373,355,362,395,437,357,323,376,370,548,463,461,682,829,1017,1177,598,424,394,328,469,388,411,458,403,459,527,457,375,384,457,415,472,477,550,571,418,515,519,518,534,212
Revenue,9394.8995,9695.0755,9658.88851,10168.94,8642.1625,6758.38399,6935.416,9153.3625,8849.06999,8014.22149,9559.40948,9222.952,8719.80001,8297.4985,8145.411,6826.7745,8499.6855,8724.776,9102.4405,11050.17727,13689.24098,10622.41945,15657.47346,20976.63274,25392.67337,29752.56293,37081.73997,16419.64498,13671.111,10989.51699,11042.326,12683.45601,12056.136,10399.24099,12591.78399,9873.013,9387.25201,11315.621,12472.406,12059.04699,10726.43499,12919.63299,10809.49549,34132.86402,11365.1555,13721.601,14399.8635,13651.0735,11909.9265,10631.7825,8545.7535,10693.205,11043.2775,9690.15551,9597.231,10601.35,12445.46799,10263.5695,12011.6255,16753.58,10122.614,11569.2325,11953.76078,10837.682,12432.5995,9452.27769,11994.9796,13238.253,10402.56552,9800.0025,12046.759,10956.666,16920.4406,14948.135,14093.571,32563.83452,26639.74901,34231.76402,40201.06952,18574.95251,13144.181,13501.02797,9899.45749,14669.31255,11802.12503,14487.51998,13875.03,12381.05,13731.24599,15750.7965,13484.2735,11817.2315,12354.1975,13974.63899,13969.9065,15322.9205,13836.46499,15290.52,18431.43,13714.775,16328.234,17351.91998,18078.35,17880.09291,7178
Cost of Goods Sold,602.2179,534.03089,541.65962,507.0616,620.88151,474.34932,525.61499,887.25485,586.53933,516.43288,454.46566,484.06957,593.44831,425.10104,394.82024,280.2392,552.17872,452.27248,637.89956,528.41143,771.50054,638.33475,982.96075,1179.1516,1105.93437,1217.17222,2317.28259,657.86214,604.70043,395.2635,365.96185,555.248,411.33068,444.71033,520.20742,611.09429,549.29913,818.64365,657.80017,829.66473,514.28747,570.36328,743.24645,601.96138,365.87909,519.58138,441.28718,684.1553,427.6991,430.37875,320.14463,507.78704,380.64068,492.35558,328.82693,275.06786,451.24345,250.73743,2278.86921,2611.04582,693.78208,701.3037,793.32696,601.05409,350.75947,382.24925,513.70914,311.74875,214.15524,212.84814,415.94289,412.81821,295.26902,396.67949,340.7657,699.04826,980.17853,766.19466,1162.33862,412.5337,153.69232,352.89121,366.60803,171.4533,192.40081,273.41792,371.6053,202.33748,123.4924,312.31064,255.82814,183.6554,146.21385,198.22503,165.13,146.55656,303.71,371.10855,334.30046,389.41974,270.6696,342.65916,401.48569,137.32756,23.89
Gross Profit,8792.6816,9161.04461,9117.22889,9661.8784,8021.28099,6284.03467,6409.80101,8266.10765,8262.53066,7497.78861,9104.94382,8738.88243,8126.3517,7872.39746,7750.59076,6546.5353,7947.50678,8272.50352,8464.54094,10521.76584,12917.74044,9984.0847,14674.51271,19797.48114,24286.739,28535.39071,34764.45738,15761.78284,13066.41057,10594.25349,10676.36415,12128.20801,11644.80532,9954.53066,12071.57657,9261.91871,8837.95287,10496.97735,11814.60583,11229.38226,10212.14752,12349.26971,10066.24904,33530.90264,10999.27641,13202.01962,13958.57632,12966.9182,11482.2274,10201.40375,8225.60887,10185.41796,10662.63682,9197.79993,9268.40407,10326.28214,11994.22454,10012.83207,9732.75629,14142.53418,9428.83192,10867.9288,11160.43383,10236.62791,12081.84003,9070.02843,11481.27046,12926.50425,10188.41026,9587.15436,11630.81611,10543.84779,16625.17158,14551.45551,13752.8053,31864.78626,25659.57048,33465.56936,39038.7309,18162.41881,12990.48868,13148.13676,9532.84945,14497.85923,11609.72421,14214.10206,13503.4247,12178.71252,13607.75359,15438.48586,13228.44536,11633.5761,12207.98365,13776.41396,13804.7765,15176.36394,13532.75499,14919.41145,18097.12954,13325.35526,16057.5644,17009.26082,17676.86423,17742.76529,7154.10997
Margin (%),0.9359,0.94492,0.94392,0.95014,0.92816,0.92981,0.92421,0.90307,0.93372,0.93556,0.95246,0.94751,0.93194,0.94877,0.95153,0.95895,0.93504,0.94816,0.92992,0.95218,0.94364,0.93991,0.93722,0.94379,0.95645,0.95909,0.93751,0.95993,0.95577,0.96403,0.96686,0.95622,0.96588,0.95724,0.95869,0.9381,0.94148,0.92765,0.94726,0.9312,0.95205,0.95585,0.93124,0.98236,0.96781,0.96213,0.96935,0.94988,0.96409,0.95952,0.96254,0.95251,0.96553,0.94919,0.96574,0.97405,0.96374,0.97557,0.81028,0.84415,0.93146,0.93938,0.93363,0.94454,0.97179,0.95956,0.95717,0.97645,0.97941,0.97828,0.96547,0.96232,0.98255,0.97346,0.97582,0.97853,0.96321,0.97762,0.97109,0.97779,0.98831,0.97386,0.96297,0.98831,0.9837,0.98113,0.97322,0.98366,0.99101,0.98017,0.98103,0.98446,0.98816,0.98582,0.98818,0.99044,0.97805,0.97573,0.98186,0.97161,0.98342,0.98025,0.97779,0.99232,0.99667
Tax,0,0,0,0,0,0,0,0,0,0,0,0,0,0,0,0,0,0,0,0,0,0,0,0,0,0,0,0,0,0,0,0,0,0,0,0,0,0,0,0,0,0,0,0,0,0,0,0,0,0,0,0,0,0,0,0,0,0,0,0,0,0,0,0,0,0,0,0,0,0,0,0,0,0,0,0,0,0,0,0,0,0,0,0,0,0,0,0,0,0,0,0,0,0,0,0,0,0,0,0,0,0,0,0,0
